parts_per_dir,t_spmv,t_spmv_petsc,t_muladd,t_wait,irun,rel_error,t_julia_to_petsc,t_consistent,t_petsc_to_julia,t_mul,t_cleanup,nodes_per_dir
"(1, 1, 1)",[0.74152852],[0.011008478],[0.227929606],[0.034010159],1,[0.0],[1.448742517],[1.7499e-5],[0.128215922],[0.479570921],[0.000180655],"(100, 100, 100)"
"(1, 1, 1)",[0.012756442],[0.012217791],[1.7841e-5],[3.9409e-5],2,[0.0],[0.303026581],[9.692e-6],[0.001433273],[0.012688633],[0.000109151],"(100, 100, 100)"
"(1, 1, 1)",[0.011525451],[0.011622995],[1.4933e-5],[3.0106e-5],3,[0.0],[0.25692779],[8.508e-6],[0.001344609],[0.011471696],[0.000103496],"(100, 100, 100)"
"(1, 1, 1)",[0.011652759],[0.011482448],[1.511e-5],[2.984e-5],4,[0.0],[0.287636818],[9.371e-6],[0.001344962],[0.011598233],[0.000110297],"(100, 100, 100)"
