parts_per_dir,t_spmv,t_spmv_petsc,t_muladd,t_wait,irun,rel_error,t_julia_to_petsc,t_consistent,t_petsc_to_julia,t_mul,t_cleanup,nodes_per_dir
"(1, 2, 2)","[0.872475648, 0.95335028, 0.948863531, 0.861628199]","[0.00344525, 0.00342793, 0.003448263, 0.003442384]","[0.258258649, 0.249321279, 0.255421164, 0.250692009]","[0.034107545, 0.126007146, 0.100007995, 0.032869941]",1,"[0.0, 0.0, 0.0, 0.0]","[1.345358897, 1.383499849, 1.388283385, 1.470992694]","[0.051381497, 0.048905628, 0.04991195, 0.048992554]","[0.12660624, 0.126127644, 0.126600959, 0.126185345]","[0.528727544, 0.529115708, 0.543522039, 0.52907331]","[0.000145075, 0.000177992, 0.000147763, 0.000124909]","(100, 100, 100)"
"(1, 2, 2)","[0.003409731, 0.00335229, 0.003098326, 0.003598878]","[0.003667031, 0.003647952, 0.003665675, 0.003638671]","[5.4064e-5, 5.2471e-5, 5.2341e-5, 5.0572e-5]","[0.000347662, 0.000379763, 8.0655e-5, 0.000782064]",2,"[0.0, 0.0, 0.0, 0.0]","[0.065993283, 0.066278707, 0.065968841, 0.065976358]","[4.7076e-5, 2.729e-5, 5.5433e-5, 4.395e-5]","[0.000340238, 0.000318134, 0.000342793, 0.000323474]","[0.00296071, 0.002892555, 0.002909694, 0.002722033]","[9.6271e-5, 9.6737e-5, 9.5605e-5, 0.000103098]","(100, 100, 100)"
"(1, 2, 2)","[0.003185603, 0.004157419, 0.003695744, 0.00291565]","[0.003546711, 0.003530956, 0.003548777, 0.003526397]","[5.2653e-5, 5.272e-5, 4.9989e-5, 4.9845e-5]","[9.3128e-5, 0.001275429, 0.000724861, 7.5463e-5]",3,"[0.0, 0.0, 0.0, 0.0]","[0.061727652, 0.061720638, 0.061710733, 0.061704026]","[5.3462e-5, 2.568e-5, 3.6989e-5, 5.1343e-5]","[0.000336532, 0.000321234, 0.000341844, 0.000319879]","[0.002986155, 0.002803375, 0.002883666, 0.002738752]","[9.6469e-5, 9.8609e-5, 8.8075e-5, 0.000104855]","(100, 100, 100)"
"(1, 2, 2)","[0.003568532, 0.003062304, 0.003122107, 0.003685921]","[0.003524798, 0.003482725, 0.003543953, 0.003542356]","[5.2013e-5, 4.7883e-5, 8.1406e-5, 5.5148e-5]","[0.000571362, 0.000160031, 8.3508e-5, 0.00078107]",4,"[0.0, 0.0, 0.0, 0.0]","[0.152894334, 0.153428464, 0.152853089, 0.152890793]","[3.7409e-5, 2.8682e-5, 4.9064e-5, 2.8863e-5]","[0.000318486, 0.000316444, 0.000316632, 0.000312713]","[0.002907539, 0.002825458, 0.00290785, 0.002820617]","[9.7447e-5, 0.000107274, 8.5293e-5, 9.4312e-5]","(100, 100, 100)"
