parts_per_dir,t_spmv,t_spmv_petsc,t_muladd,t_wait,irun,rel_error,t_julia_to_petsc,t_consistent,t_petsc_to_julia,t_mul,t_cleanup,nodes_per_dir
"(1, 1, 2)","[0.933964673, 0.95076051]","[0.011636373, 0.011672992]","[0.235168185, 0.225458412]","[0.149208541, 0.034302501]",1,"[0.0, 0.0]","[1.543311699, 1.495072015]","[0.05097392, 0.050857314]","[0.135708318, 0.136122907]","[0.498613555, 0.640141854]","[0.00019745, 0.000144649]","(100, 100, 100)"
"(1, 1, 2)","[0.006585477, 0.008613424]","[0.00682926, 0.00683025]","[7.319e-5, 7.6493e-5]","[9.7155e-5, 0.002716192]",2,"[0.0, 0.0]","[0.217323538, 0.217326883]","[6.0743e-5, 3.3232e-5]","[0.000741677, 0.000726047]","[0.006354167, 0.005787279]","[0.000131209, 0.000144849]","(100, 100, 100)"
"(1, 1, 2)","[0.006483939, 0.008764357]","[0.006727283, 0.006728352]","[5.4823e-5, 5.3239e-5]","[9.8203e-5, 0.002738842]",3,"[0.0, 0.0]","[0.217062344, 0.217069561]","[6.0295e-5, 3.2641e-5]","[0.000846514, 0.000787537]","[0.006270329, 0.005939341]","[0.000122487, 0.000127131]","(100, 100, 100)"
"(1, 1, 2)","[0.006334117, 0.006362412]","[0.006674482, 0.006675246]","[4.9514e-5, 4.9756e-5]","[8.184e-5, 0.000177822]",4,"[0.0, 0.0]","[0.209996151, 0.210002947]","[4.3573e-5, 4.1622e-5]","[0.000738158, 0.00073145]","[0.006158988, 0.006093]","[0.00011306, 0.000117985]","(100, 100, 100)"
