parts_per_dir,t_spmv,t_spmv_petsc,t_muladd,t_wait,irun,rel_error,t_julia_to_petsc,t_consistent,t_petsc_to_julia,t_mul,t_cleanup,nodes_per_dir
"(1, 1, 1)",[0.788092594],[0.013993319],[0.22887151],[0.034308733],1,[0.0],[1.439279689],[1.8459e-5],[0.136762353],[0.524893471],[0.000198153],"(100, 100, 100)"
"(1, 1, 1)",[0.011636925],[0.011822597],[2.0634e-5],[3.0205e-5],2,[0.0],[0.275842796],[1.0386e-5],[0.001398134],[0.011575145],[0.000113936],"(100, 100, 100)"
"(1, 1, 1)",[0.014046253],[0.013767402],[1.6858e-5],[3.0989e-5],3,[0.0],[0.299748114],[1.214e-5],[0.001366265],[0.013985875],[0.000120668],"(100, 100, 100)"
"(1, 1, 1)",[0.011995333],[0.012046999],[1.7238e-5],[3.2699e-5],4,[0.0],[0.287828531],[1.0233e-5],[0.00139013],[0.01193485],[0.000121556],"(100, 100, 100)"
