t_wait,rel_error,t_consistent,parts_per_dir,t_spmv,t_muladd,irun,t_mul,t_spmv_without_LH,nodes_per_dir
[0.0],[0.0],[1.9089e-5],"(1, 1, 1)",[0.745164845],[1.7833e-5],1,[0.012022818],[0.012060028],"(100, 100, 100)"
[0.0],[0.0],[7.979e-6],"(1, 1, 1)",[0.011479052],[1.6508e-5],2,[0.011918331],[0.011943008],"(100, 100, 100)"
[0.0],[0.0],[8.363e-6],"(1, 1, 1)",[0.01146006],[1.5213e-5],3,[0.011876617],[0.011900329],"(100, 100, 100)"
[0.0],[0.0],[8.54e-6],"(1, 1, 1)",[0.011625483],[1.9749e-5],4,[0.011975419],[0.012003854],"(100, 100, 100)"
