t_wait,rel_error,t_consistent,parts_per_dir,t_spmv,t_muladd,irun,t_mul,t_spmv_without_LH,nodes_per_dir
"[0.0, 0.0]","[0.0, 0.0]","[0.000189312, 0.000170995]","(2, 1, 1)","[0.9792222, 0.995166203]","[0.000145549, 0.000137107]",1,"[0.006121053, 0.005933144]","[0.006456114, 0.006241755]","(100, 100, 100)"
"[0.0, 0.0]","[0.0, 0.0]","[0.000123176, 0.000105277]","(2, 1, 1)","[0.006242962, 0.006762895]","[0.000142016, 0.000148272]",2,"[0.005988974, 0.005886573]","[0.006254321, 0.00614054]","(100, 100, 100)"
"[0.0, 0.0]","[0.0, 0.0]","[0.000118297, 0.000123461]","(2, 1, 1)","[0.00642305, 0.006276962]","[0.000147214, 0.000143364]",3,"[0.00606514, 0.006025579]","[0.006330816, 0.006292556]","(100, 100, 100)"
"[0.0, 0.0]","[0.0, 0.0]","[0.000117089, 0.000116965]","(2, 1, 1)","[0.006030372, 0.007073077]","[0.000141939, 0.000145021]",4,"[0.006104375, 0.00603345]","[0.00636354, 0.00629558]","(100, 100, 100)"
