t_wait,rel_error,t_consistent,parts_per_dir,t_spmv,t_muladd,irun,t_mul,t_spmv_without_LH,nodes_per_dir
"[0.0, 0.0, 0.0, 0.0]","[0.0, 0.0, 0.0, 0.0]","[0.000117546, 0.000117775, 0.000125568, 0.000117219]","(2, 2, 1)","[0.947268466, 1.027723629, 0.9694098, 0.955718461]","[7.5748e-5, 7.5988e-5, 7.6161e-5, 7.0736e-5]",1,"[0.002906277, 0.002880256, 0.003013345, 0.002847608]","[0.003099764, 0.003074296, 0.003215275, 0.003035762]","(100, 100, 100)"
"[0.0, 0.0, 0.0, 0.0]","[0.0, 0.0, 0.0, 0.0]","[7.9246e-5, 9.8599e-5, 8.9201e-5, 6.4458e-5]","(2, 2, 1)","[0.003069012, 0.003646352, 0.003737437, 0.003143418]","[9.982e-5, 0.000108145, 9.9237e-5, 9.6766e-5]",2,"[0.003001955, 0.002876353, 0.00298722, 0.00301409]","[0.00318118, 0.003083271, 0.003175972, 0.003175655]","(100, 100, 100)"
"[0.0, 0.0, 0.0, 0.0]","[0.0, 0.0, 0.0, 0.0]","[9.1412e-5, 8.0823e-5, 6.626e-5, 7.1932e-5]","(2, 2, 1)","[0.003704401, 0.003232771, 0.003188212, 0.00304463]","[0.000108408, 9.4457e-5, 9.0717e-5, 9.6166e-5]",3,"[0.00317302, 0.002926057, 0.003240053, 0.002942188]","[0.003373007, 0.0031015, 0.003397183, 0.003110575]","(100, 100, 100)"
"[0.0, 0.0, 0.0, 0.0]","[0.0, 0.0, 0.0, 0.0]","[7.6033e-5, 7.1295e-5, 6.6108e-5, 7.7259e-5]","(2, 2, 1)","[0.003355339, 0.003273339, 0.003370311, 0.00337611]","[0.000103051, 9.4329e-5, 9.0089e-5, 9.5162e-5]",4,"[0.003123508, 0.002959527, 0.003219287, 0.002998498]","[0.003302751, 0.003125554, 0.003375638, 0.003171065]","(100, 100, 100)"
