parts_per_dir,t_spmv,t_spmv_petsc,t_muladd,t_wait,irun,rel_error,t_julia_to_petsc,t_consistent,t_petsc_to_julia,t_mul,t_cleanup,nodes_per_dir
"(2, 1, 1)","[0.872200603, 0.86727946]","[0.001641824, 0.001625383]","[0.242577094, 0.255241524]","[0.03168752, 0.032942087]",1,"[0.0, 0.0]","[1.584812716, 1.550985216]","[0.049878596, 0.049069792]","[0.128290291, 0.128150168]","[0.548057008, 0.530025664]","[0.000131806, 0.00018031]","(10, 100, 100)"
"(2, 1, 1)","[0.000582172, 0.001513852]","[0.000829749, 0.000827708]","[4.2296e-5, 4.2776e-5]","[4.5697e-5, 0.000971281]",2,"[0.0, 0.0]","[0.011580994, 0.011588704]","[3.7236e-5, 3.6727e-5]","[7.5226e-5, 7.0703e-5]","[0.000456751, 0.000462822]","[7.7748e-5, 8.3915e-5]","(10, 100, 100)"
"(2, 1, 1)","[0.000660929, 0.000634464]","[0.000851738, 0.00085505]","[4.2501e-5, 3.8349e-5]","[4.6901e-5, 0.000128722]",3,"[0.0, 0.0]","[0.156432387, 0.156446626]","[6.5739e-5, 3.4698e-5]","[7.0596e-5, 7.4458e-5]","[0.000505583, 0.000432484]","[8.0403e-5, 7.7318e-5]","(10, 100, 100)"
"(2, 1, 1)","[0.000584702, 0.000638325]","[0.000842727, 0.000843214]","[3.8415e-5, 4.1282e-5]","[3.6604e-5, 7.0883e-5]",4,"[0.0, 0.0]","[0.010823776, 0.010823243]","[3.5862e-5, 3.8864e-5]","[7.0991e-5, 6.9603e-5]","[0.000473615, 0.00048708]","[8.1723e-5, 8.2345e-5]","(10, 100, 100)"
