parts_per_dir,t_spmv,t_spmv_petsc,t_muladd,t_wait,irun,rel_error,t_julia_to_petsc,t_consistent,t_petsc_to_julia,t_mul,t_cleanup,nodes_per_dir
"(2, 2, 1)","[1.228779104, 0.997644989, 1.155146557, 0.993231983]","[0.000615963, 0.000616509, 0.000616067, 0.00061867]","[0.357694793, 0.25576913, 0.262271248, 0.24646678]","[0.033099977, 0.03205564, 0.032758377, 0.033393938]",1,"[0.0, 0.0, 0.0, 0.0]","[1.279622655, 1.388165158, 1.356619483, 1.316115159]","[0.050449204, 0.048852408, 0.050893473, 0.051131754]","[0.135092088, 0.128216286, 0.161908998, 0.144655107]","[0.787534758, 0.660967436, 0.809223018, 0.662239069]","[0.000166268, 0.000174399, 0.000171408, 0.000161414]","(10, 100, 100)"
"(2, 2, 1)","[0.000345511, 0.000314192, 0.00044767, 0.000459458]","[0.000410928, 0.000425728, 0.000438017, 0.000437389]","[2.3015e-5, 2.4907e-5, 2.3219e-5, 2.3739e-5]","[3.7573e-5, 4.0848e-5, 0.000139254, 0.000191114]",2,"[0.0, 0.0, 0.0, 0.0]","[0.007859026, 0.00785812, 0.007865386, 0.007875913]","[3.2412e-5, 2.9532e-5, 3.354e-5, 3.0686e-5]","[3.2007e-5, 2.9254e-5, 3.3016e-5, 3.0137e-5]","[0.000252297, 0.000218678, 0.000251427, 0.000213709]","[5.6984e-5, 5.8945e-5, 5.3109e-5, 5.3247e-5]","(10, 100, 100)"
"(2, 2, 1)","[0.000294425, 0.000340863, 0.000304591, 0.000344627]","[0.000392534, 0.000390641, 0.000394703, 0.000397165]","[2.1628e-5, 2.1677e-5, 2.2759e-5, 2.2961e-5]","[3.2679e-5, 8.0805e-5, 3.9683e-5, 7.4017e-5]",3,"[0.0, 0.0, 0.0, 0.0]","[0.006473872, 0.006481557, 0.006479522, 0.006492887]","[3.0239e-5, 3.3872e-5, 2.9762e-5, 3.5575e-5]","[2.6048e-5, 2.4049e-5, 2.6513e-5, 2.9719e-5]","[0.000209646, 0.000204291, 0.000212167, 0.000211854]","[5.496e-5, 5.762e-5, 5.1563e-5, 5.2731e-5]","(10, 100, 100)"
"(2, 2, 1)","[0.000317954, 0.000339164, 0.000363124, 0.00032719]","[0.000437718, 0.00042307, 0.000439805, 0.000428256]","[2.2414e-5, 2.3045e-5, 2.227e-5, 2.1976e-5]","[3.1988e-5, 6.455e-5, 7.9968e-5, 7.8901e-5]",4,"[0.0, 0.0, 0.0, 0.0]","[0.004415088, 0.004421364, 0.004421227, 0.004460415]","[2.8974e-5, 2.5811e-5, 2.8472e-5, 2.7316e-5]","[2.8554e-5, 2.6409e-5, 2.8937e-5, 2.935e-5]","[0.000234347, 0.000225559, 0.000232217, 0.000198784]","[5.3218e-5, 5.6015e-5, 5.1087e-5, 5.1488e-5]","(10, 100, 100)"
